job_id,source,source_job_id,job_title,company,job_description,location,country,work_mode,remote_scope,job_field,industry,employment_type,experience_required,education_required,salary,currency,date_posted,application_deadline,tech_category,vacancy_url,scraped_at
bbd20f21c744b6fb,brightermonday,office-admin-pgdzvv,OFFICE ADMIN,,OFFICE ADMIN,,Kenya,unknown,,ICT & Computer,,,,,,,,,,https://www.brightermonday.co.ke/listings/office-admin-pgdzvv,2026-08-30T15:41:00+00:00
e7b1c86afa914d37,brightermonday,lead-baker-5p6jmp,LEAD BAKER,,LEAD BAKER,,Kenya,unknown,,ICT & Computer,,,,,,,,,,https://www.brightermonday.co.ke/listings/lead-baker-5p6jmp,2026-08-30T15:41:00+00:00
8c65dfc4609af714,brightermonday,sales-marketing-qz4jm6,Sales & Marketing,,Sales & Marketing,,Kenya,unknown,,ICT & Computer,,,,,,,,,,https://www.brightermonday.co.ke/listings/sales-marketing-qz4jm6,2026-08-30T15:41:00+00:00
bb7288ce3f647741,brightermonday,social-media-it-professional-454zxm,SOCIAL MEDIA & IT PROFESSIONAL,,SOCIAL MEDIA & IT PROFESSIONAL,,Kenya,unknown,,ICT & Computer,,,,,,,,,,https://www.brightermonday.co.ke/listings/social-media-it-professional-454zxm,2026-08-30T15:41:00+00:00
68e3dad4c001becb,brightermonday,customer-care-representative-6qxerz,Customer Care Representative,,Customer Care Representative,,Kenya,unknown,,ICT & Computer,,,,,,,,,,https://www.brightermonday.co.ke/listings/customer-care-representative-6qxerz,2026-08-30T15:41:00+00:00
6d4b7dbeadb32a74,brightermonday,marketing-operations-virtual-assistant-z8vnrx,Marketing & Operations Virtual Assistant,,Marketing & Operations Virtual Assistant,,Kenya,unknown,,ICT & Computer,,,,,,,,,,https://www.brightermonday.co.ke/listings/marketing-operations-virtual-assistant-z8vnrx,2026-08-30T15:41:00+00:00
9d649c4c37f440b8,brightermonday,bookkeeper-j6485r,Bookkeeper,,Bookkeeper,,Kenya,unknown,,ICT & Computer,,,,,,,,,,https://www.brightermonday.co.ke/listings/bookkeeper-j6485r,2026-08-30T15:41:00+00:00
2769e8a54d59f76c,brightermonday,financial-accounting-k7rjwm,FINANCIAL ACCOUNTING,,FINANCIAL ACCOUNTING,,Kenya,unknown,,ICT & Computer,,,,,,,,,,https://www.brightermonday.co.ke/listings/financial-accounting-k7rjwm,2026-08-30T15:41:00+00:00
f531ca400ab51161,brightermonday,technical-sales-x8jrkv,Technical Sales,,Technical Sales,,Kenya,unknown,,ICT & Computer,,,,,,,,,Other Tech,https://www.brightermonday.co.ke/listings/technical-sales-x8jrkv,2026-08-30T15:41:00+00:00
fb30177b311e8c70,brightermonday,restaurant-manager-454k69,RESTAURANT MANAGER,,RESTAURANT MANAGER,,Kenya,unknown,,ICT & Computer,,,,,,,,,,https://www.brightermonday.co.ke/listings/restaurant-manager-454k69,2026-08-30T15:41:00+00:00
98cd35948a54337d,brightermonday,service-engineer-wre66p,Service Engineer,,Service Engineer,,Kenya,unknown,,ICT & Computer,,,,,,,,,Other Tech,https://www.brightermonday.co.ke/listings/service-engineer-wre66p,2026-08-30T15:41:00+00:00
a2468535011c907a,brightermonday,pharmaceutical-technologist-ern0m2,PHARMACEUTICAL TECHNOLOGIST,,PHARMACEUTICAL TECHNOLOGIST,,Kenya,unknown,,ICT & Computer,,,,,,,,,,https://www.brightermonday.co.ke/listings/pharmaceutical-technologist-ern0m2,2026-08-30T15:41:00+00:00
65560d2622f4d468,brightermonday,radio-sornographer-qz40mn,RADIO -SORNOGRAPHER,,RADIO -SORNOGRAPHER,,Kenya,unknown,,ICT & Computer,,,,,,,,,,https://www.brightermonday.co.ke/listings/radio-sornographer-qz40mn,2026-08-30T15:41:00+00:00
d01ad4747371d46c,brightermonday,cambridge-year-4-class-teacher-n9gm7v,Cambridge Year 2 Class Teacher,,Cambridge Year 2 Class Teacher,,Kenya,unknown,,ICT & Computer,,,,,,,,,,https://www.brightermonday.co.ke/listings/cambridge-year-4-class-teacher-n9gm7v,2026-08-30T15:41:00+00:00
763dfb5b7a3e0038,brightermonday,refueller-qz4jze,REFUELLER,,REFUELLER,,Kenya,unknown,,ICT & Computer,,,,,,,,,,https://www.brightermonday.co.ke/listings/refueller-qz4jze,2026-08-30T15:41:00+00:00
2c5eb67ff1ec1d29,brightermonday,tendering-officer-aviation-8mvem6,TENDERING OFFICER - AVIATION,,TENDERING OFFICER - AVIATION,,Kenya,unknown,,ICT & Computer,,,,,,,,,,https://www.brightermonday.co.ke/listings/tendering-officer-aviation-8mvem6,2026-08-30T15:41:00+00:00
6ee87321b8395ea9,brightermonday,salesperson-07e0e8,Salesperson,,Salesperson,,Uganda,unknown,,ICT & Computer,,,,,,,,,,https://www.brightermonday.co.ug/listings/salesperson-07e0e8,2026-08-30T15:41:10+00:00
c55b23b949687607,brightermonday,business-development-manager-r8p4xm,Business Development Manager,,Business Development Manager,,Uganda,unknown,,ICT & Computer,,,,,,,,,,https://www.brightermonday.co.ug/listings/business-development-manager-r8p4xm,2026-08-30T15:41:10+00:00
b56c0cfca28bae7d,brightermonday,credit-officers-20enng,Credit Officers,,Credit Officers,,Uganda,unknown,,ICT & Computer,,,,,,,,,Other Tech,https://www.brightermonday.co.ug/listings/credit-officers-20enng,2026-08-30T15:41:10+00:00
3d9bcd6b564922a3,brightermonday,medical-officer-pediatrician-6de467,Medical Officer / Pediatrician,,Medical Officer / Pediatrician,,Uganda,unknown,,ICT & Computer,,,,,,,,,,https://www.brightermonday.co.ug/listings/medical-officer-pediatrician-6de467,2026-08-30T15:41:10+00:00
5900522a32a865c2,brightermonday,agricultural-tvet-agribusiness-elgon-region-eastern-uganda-zpnxdr,"Founding Head of Training Centre – Agricultural TVET & Agribusiness Elgon Region, Eastern Uganda",,"Founding Head of Training Centre – Agricultural TVET & Agribusiness Elgon Region, Eastern Uganda",,Uganda,unknown,,ICT & Computer,,,,,,,,,,https://www.brightermonday.co.ug/listings/agricultural-tvet-agribusiness-elgon-region-eastern-uganda-zpnxdr,2026-08-30T15:41:10+00:00
35277c5f6b66a622,brightermonday,school-bursar-primary-secondary-school-07ez4x,School Bursar - Primary/ Secondary School,,School Bursar - Primary/ Secondary School,,Uganda,unknown,,ICT & Computer,,,,,,,,,,https://www.brightermonday.co.ug/listings/school-bursar-primary-secondary-school-07ez4x,2026-08-30T15:41:10+00:00
743d2ef0a41b7394,brightermonday,student-coordinator-asone-primary-high-school-wpv866,Student Coordinator- AsOne Primary/ High School,,Student Coordinator- AsOne Primary/ High School,,Uganda,unknown,,ICT & Computer,,,,,,,,,,https://www.brightermonday.co.ug/listings/student-coordinator-asone-primary-high-school-wpv866,2026-08-30T15:41:10+00:00
f06165fd5b08601b,brightermonday,swahili-teacher-asone-high-school-q2jvre,Swahili Teacher- AsOne High School,,Swahili Teacher- AsOne High School,,Uganda,unknown,,ICT & Computer,,,,,,,,,,https://www.brightermonday.co.ug/listings/swahili-teacher-asone-high-school-q2jvre,2026-08-30T15:41:10+00:00
813de9ad25519606,brightermonday,registered-nurse-84ed76,Registered Nurse,,Registered Nurse,,Uganda,unknown,,ICT & Computer,,,,,,,,,,https://www.brightermonday.co.ug/listings/registered-nurse-84ed76,2026-08-30T15:41:10+00:00
7e46d3fb1f948483,brightermonday,school-nurse-asone-high-school-vw7qj5,School Nurse - AsOne High School,,School Nurse - AsOne High School,,Uganda,unknown,,ICT & Computer,,,,,,,,,,https://www.brightermonday.co.ug/listings/school-nurse-asone-high-school-vw7qj5,2026-08-30T15:41:10+00:00
2944216db53ec084,brightermonday,school-driver-asone-nursery-primary-school-9jedvx,School Driver- AsOne Nursery & Primary School,,School Driver- AsOne Nursery & Primary School,,Uganda,unknown,,ICT & Computer,,,,,,,,,,https://www.brightermonday.co.ug/listings/school-driver-asone-nursery-primary-school-9jedvx,2026-08-30T15:41:10+00:00
a75e0f2b27b02bbd,brightermonday,sonographer-npmzqv,Sonographer,,Sonographer,,Uganda,unknown,,ICT & Computer,,,,,,,,,,https://www.brightermonday.co.ug/listings/sonographer-npmzqv,2026-08-30T15:41:10+00:00
67cc30f521fa6adf,brightermonday,laboratory-assistant-d7v6g0,Laboratory Assistant,,Laboratory Assistant,,Uganda,unknown,,ICT & Computer,,,,,,,,,,https://www.brightermonday.co.ug/listings/laboratory-assistant-d7v6g0,2026-08-30T15:41:10+00:00
9aef188432f1a976,brightermonday,ict-teacher-asone-primaryhigh-school-jq8w0r,ICT Teacher - AsOne Primary/High School,,ICT Teacher - AsOne Primary/High School,,Uganda,unknown,,ICT & Computer,,,,,,,,,Other Tech,https://www.brightermonday.co.ug/listings/ict-teacher-asone-primaryhigh-school-jq8w0r,2026-08-30T15:41:10+00:00
cca538b03a70007c,brightermonday,historycre-teacher-asone-high-school-xp0zm4,History/CRE Teacher - AsOne High School,,History/CRE Teacher - AsOne High School,,Uganda,unknown,,ICT & Computer,,,,,,,,,,https://www.brightermonday.co.ug/listings/historycre-teacher-asone-high-school-xp0zm4,2026-08-30T15:41:10+00:00
0d7521737e1671cc,brightermonday,primary-high-school-head-teacher-q2jvne,Primary School Head Teacher,,Primary School Head Teacher,,Uganda,unknown,,ICT & Computer,,,,,,,,,,https://www.brightermonday.co.ug/listings/primary-high-school-head-teacher-q2jvne,2026-08-30T15:41:10+00:00
