tablescraper-selected-row,tablescraper-selected-row href
A,
Account Assistant,https://www.myjobmag.co.ke/job-descriptions/account-assistant
Account Assistant,https://www.myjobmag.co.ke/job-descriptions/account-assistant-1
Account Executive,https://www.myjobmag.co.ke/job-descriptions/account-executive
Account Manager,https://www.myjobmag.co.ke/job-descriptions/account-manager
Accountant,https://www.myjobmag.co.ke/job-descriptions/accountant
Accounting Officer,https://www.myjobmag.co.ke/job-descriptions/accounting-officer
Administrative Assistant,https://www.myjobmag.co.ke/job-descriptions/administrative-assistant
Administrative Manager,https://www.myjobmag.co.ke/job-descriptions/administrative-manager
Administrative Officer,https://www.myjobmag.co.ke/job-descriptions/administrative-officer
Architect,https://www.myjobmag.co.ke/job-descriptions/architect
Area Sales Manager,https://www.myjobmag.co.ke/job-descriptions/area-sales-manager
B,
Branch Manager,https://www.myjobmag.co.ke/job-descriptions/branch-manager
Brand Manager,https://www.myjobmag.co.ke/job-descriptions/brand-manager
Bursar,https://www.myjobmag.co.ke/job-descriptions/bursar
Business Analyst,https://www.myjobmag.co.ke/job-descriptions/business-analyst
Business Developer,https://www.myjobmag.co.ke/job-descriptions/business-developer
Business Development Associate,https://www.myjobmag.co.ke/job-descriptions/business-development-associate
Business Development Executive,https://www.myjobmag.co.ke/job-descriptions/business-development-executive
Business Development Manager,https://www.myjobmag.co.ke/job-descriptions/business-development-manager
Business Manager,https://www.myjobmag.co.ke/job-descriptions/business-manager
C,
Cashier,https://www.myjobmag.co.ke/job-descriptions/cashier
Chartered Accountant,https://www.myjobmag.co.ke/job-descriptions/chartered-accountant
Chef,https://www.myjobmag.co.ke/job-descriptions/chef
Chemical Engineer,https://www.myjobmag.co.ke/job-descriptions/chemical-engineer-job-description
Chief Accountant,https://www.myjobmag.co.ke/job-descriptions/chief-accountant
Chief Executive Officer,https://www.myjobmag.co.ke/job-descriptions/chief-executive-officer
Chief Financial Officer,https://www.myjobmag.co.ke/job-descriptions/chief-financial-officer
Chief Operating Officer,https://www.myjobmag.co.ke/job-descriptions/chief-operating-officer
Chief Security Officer,https://www.myjobmag.co.ke/job-descriptions/chief-security-officer
Cleaner,https://www.myjobmag.co.ke/job-descriptions/cleaner
Communications Officer,https://www.myjobmag.co.ke/job-descriptions/communications-officer
Company Driver,https://www.myjobmag.co.ke/job-descriptions/company-driver
Compliance Officer,https://www.myjobmag.co.ke/job-descriptions/compliance-officer
Content Writer,https://www.myjobmag.co.ke/job-descriptions/content-writer
Cook,https://www.myjobmag.co.ke/job-descriptions/cook
Country Manager,https://www.myjobmag.co.ke/job-descriptions/country-manager
Customer Service Executive,https://www.myjobmag.co.ke/job-descriptions/customer-service-executive
Customer Service Representative,https://www.myjobmag.co.ke/job-descriptions/customer-service-representative
D,
Data Administrator,https://www.myjobmag.co.ke/job-descriptions/data-administrator
Data Analyst,https://www.myjobmag.co.ke/job-descriptions/data-analyst
Data Engineer,https://www.myjobmag.co.ke/job-descriptions/data-engineer
Data Scientist,https://www.myjobmag.co.ke/job-descriptions/data-scientist
DevOps Engineer,https://www.myjobmag.co.ke/job-descriptions/devops-engineer
Digital Marketer,https://www.myjobmag.co.ke/job-descriptions/digital-marketer
Digital Marketing Manager,https://www.myjobmag.co.ke/job-descriptions/digital-marketing-manager
Digital Marketing Officer,https://www.myjobmag.co.ke/job-descriptions/digital-marketing-officer
Digital Marketing Specialist,https://www.myjobmag.co.ke/job-descriptions/digital-marketing-specialist
Direct Sales Agent,https://www.myjobmag.co.ke/job-descriptions/direct-sales-agent
Dispatch Rider,https://www.myjobmag.co.ke/job-descriptions/dispatch-rider
Driver,https://www.myjobmag.co.ke/job-descriptions/driver-job-description
E,
Economist,https://www.myjobmag.co.ke/job-descriptions/economist-job-description
Electrical Engineer,https://www.myjobmag.co.ke/job-descriptions/electrical-engineer
Electrical Technician,https://www.myjobmag.co.ke/job-descriptions/electrical-technician
Electrician,https://www.myjobmag.co.ke/job-descriptions/electrician
Engineering Manager,https://www.myjobmag.co.ke/job-descriptions/engineering-manager-job-description
English Teacher,https://www.myjobmag.co.ke/job-descriptions/english-teacher
Executive Assistant,https://www.myjobmag.co.ke/job-descriptions/executive-assistant
F,
Farm Manager,https://www.myjobmag.co.ke/job-descriptions/farm-manager
Field Engineer,https://www.myjobmag.co.ke/job-descriptions/field-engineer-job-description
Finance Associate,https://www.myjobmag.co.ke/job-descriptions/finance-associate
Finance Intern,https://www.myjobmag.co.ke/job-descriptions/finance-intern
Finance Officer,https://www.myjobmag.co.ke/job-descriptions/finance-officer
Financial Accountant,https://www.myjobmag.co.ke/job-descriptions/financial-accountant
Financial Analyst,https://www.myjobmag.co.ke/job-descriptions/financial-analyst
Financial Controller,https://www.myjobmag.co.ke/job-descriptions/financial-controller
Front Desk Officer,https://www.myjobmag.co.ke/job-descriptions/front-desk-officer
Frontend Developer,https://www.myjobmag.co.ke/job-descriptions/frontend-developer
Full Stack Developer,https://www.myjobmag.co.ke/job-descriptions/full-stack-developer
G,
General Manager,https://www.myjobmag.co.ke/job-descriptions/general-manager
Graduate Trainee,https://www.myjobmag.co.ke/job-descriptions/graduate-trainee
Graphic Designer,https://www.myjobmag.co.ke/job-descriptions/graphic-designer
H,
Head of Finance,https://www.myjobmag.co.ke/job-descriptions/head-of-finance
Head of Marketing,https://www.myjobmag.co.ke/job-descriptions/head-of-marketing
Head of Operations,https://www.myjobmag.co.ke/job-descriptions/head-of-operations
Head of Sales,https://www.myjobmag.co.ke/job-descriptions/head-of-sales
HR Manager,https://www.myjobmag.co.ke/job-descriptions/hr-manager
HSE Officer,https://www.myjobmag.co.ke/job-descriptions/hse-officer
I,
ICT Officer,https://www.myjobmag.co.ke/job-descriptions/ict-officer
Internal Audit Officer,https://www.myjobmag.co.ke/job-descriptions/internal-audit-officer
Internal Auditor,https://www.myjobmag.co.ke/job-descriptions/internal-auditor
Internal Control Officer,https://www.myjobmag.co.ke/job-descriptions/internal-control-officer
Inventory Officer,https://www.myjobmag.co.ke/job-descriptions/inventory-officer
IT Manager,https://www.myjobmag.co.ke/job-descriptions/it-manager
IT Officer,https://www.myjobmag.co.ke/job-descriptions/it-officer
J,
Java Developer,https://www.myjobmag.co.ke/job-descriptions/java-developer
Junior Accountant,https://www.myjobmag.co.ke/job-descriptions/junior-accountant
K,
Key Account Manager,https://www.myjobmag.co.ke/job-descriptions/key-account-manager
L,
Laboratory Technician,https://www.myjobmag.co.ke/job-descriptions/laboratory-technician
Lecturer I,https://www.myjobmag.co.ke/job-descriptions/lecturer-i
Legal Counsel,https://www.myjobmag.co.ke/job-descriptions/legal-counsel
Legal Officer,https://www.myjobmag.co.ke/job-descriptions/legal-officer
Librarian,https://www.myjobmag.co.ke/job-descriptions/librarian
Librarian,https://www.myjobmag.co.ke/job-descriptions/librarian-1
Logistics Manager,https://www.myjobmag.co.ke/job-descriptions/logistics-manager
Logistics Officer,https://www.myjobmag.co.ke/job-descriptions/logistics-officer
M,
Maintenance Manager,https://www.myjobmag.co.ke/job-descriptions/maintenance-manager
Management Accountant,https://www.myjobmag.co.ke/job-descriptions/management-accountant
Managing Director,https://www.myjobmag.co.ke/job-descriptions/managing-director
Marketer,https://www.myjobmag.co.ke/job-descriptions/marketer
Marketing Executive,https://www.myjobmag.co.ke/job-descriptions/marketing-executive
Marketing Intern,https://www.myjobmag.co.ke/job-descriptions/marketing-intern
Marketing Manager,https://www.myjobmag.co.ke/job-descriptions/marketing-manager
Marketing Officer,https://www.myjobmag.co.ke/job-descriptions/marketing-officer
Mathematics Teacher,https://www.myjobmag.co.ke/job-descriptions/mathematics-teacher
Mechanical Engineer,https://www.myjobmag.co.ke/job-descriptions/mechanical-engineer
Medical Laboratory Scientist,https://www.myjobmag.co.ke/job-descriptions/medical-laboratory-scientist
Medical Officer,https://www.myjobmag.co.ke/job-descriptions/medical-officer
Medical Sales Representative,https://www.myjobmag.co.ke/job-descriptions/medical-sales-representative
Monitoring and Evaluation Officer,https://www.myjobmag.co.ke/job-descriptions/monitoring-and-evaluation-officer
N,
Network Eengineer,https://www.myjobmag.co.ke/job-descriptions/network-eengineer
Nurse,https://www.myjobmag.co.ke/job-descriptions/nurse
O,
Office Administrator,https://www.myjobmag.co.ke/job-descriptions/office-administrator
Office Assistant,https://www.myjobmag.co.ke/job-descriptions/office-assistant
Office Manager,https://www.myjobmag.co.ke/job-descriptions/office-manager
Operations Manager,https://www.myjobmag.co.ke/job-descriptions/operations-manager
P,
Personal Assistant,https://www.myjobmag.co.ke/job-descriptions/personal-assistant
Pharmaceutical Technologist,https://www.myjobmag.co.ke/job-descriptions/pharmaceutical-technologist
Pharmacy Technician,https://www.myjobmag.co.ke/job-descriptions/pharmacy-technician
Pharmcist,https://www.myjobmag.co.ke/job-descriptions/pharmcist
Plumber,https://www.myjobmag.co.ke/job-descriptions/plumber
Procurement Assistant,https://www.myjobmag.co.ke/job-descriptions/administrative-manager-1
Procurement Manager,https://www.myjobmag.co.ke/job-descriptions/procurement-manager
Procurement Officer,https://www.myjobmag.co.ke/job-descriptions/procurement-officer
Product Manager,https://www.myjobmag.co.ke/job-descriptions/product-manager
Production Manager,https://www.myjobmag.co.ke/job-descriptions/production-manager
Production Supervisor,https://www.myjobmag.co.ke/job-descriptions/production-supervisor
Professional Driver,https://www.myjobmag.co.ke/job-descriptions/professional-driver
Program Manager,https://www.myjobmag.co.ke/job-descriptions/program-manager
Project Cordinator,https://www.myjobmag.co.ke/job-descriptions/project-cordinator
Project Director,https://www.myjobmag.co.ke/job-descriptions/project-director
Project Engineer,https://www.myjobmag.co.ke/job-descriptions/project-engineer
Project Manager,https://www.myjobmag.co.ke/job-descriptions/project-manager
Q,
Quality Control Officer,https://www.myjobmag.co.ke/job-descriptions/quality-control-officer
Quantity Surveyor,https://www.myjobmag.co.ke/job-descriptions/quantity-surveyor
R,
Radiographer,https://www.myjobmag.co.ke/job-descriptions/radiographer
Receptionist,https://www.myjobmag.co.ke/job-descriptions/receptionist
Regional Sales Manager,https://www.myjobmag.co.ke/job-descriptions/regional-sales-manager
Registered Nurse,https://www.myjobmag.co.ke/job-descriptions/registered-nurse
Registrar,https://www.myjobmag.co.ke/job-descriptions/registrar
Relationship Manager,https://www.myjobmag.co.ke/job-descriptions/relationship-manager
Relationship Officer,https://www.myjobmag.co.ke/job-descriptions/relationship-officer
Restaurant Manager,https://www.myjobmag.co.ke/job-descriptions/restaurant-manager
S,
Sales and Marketing Executive,https://www.myjobmag.co.ke/job-descriptions/sales-and-marketing-executive
Sales Associate,https://www.myjobmag.co.ke/job-descriptions/sales-associate
Sales Consultant,https://www.myjobmag.co.ke/job-descriptions/sales-consultant
Sales Executive,https://www.myjobmag.co.ke/job-descriptions/sales-executive
Sales Officer,https://www.myjobmag.co.ke/job-descriptions/sales-officer
Sales Representative,https://www.myjobmag.co.ke/job-descriptions/sales-representative
Sales Supervisor,https://www.myjobmag.co.ke/job-descriptions/sales-supervisor
School Nurse,https://www.myjobmag.co.ke/job-descriptions/school-nurse
Secretary,https://www.myjobmag.co.ke/job-descriptions/secretary
Security Manager,https://www.myjobmag.co.ke/job-descriptions/security-manager
Security Officer,https://www.myjobmag.co.ke/job-descriptions/security-officer
Senior Accountant,https://www.myjobmag.co.ke/job-descriptions/senior-accountant
Senior Project Manager,https://www.myjobmag.co.ke/job-descriptions/senior-project-manager
Senior Software Developer,https://www.myjobmag.co.ke/job-descriptions/senior-software-developer
Senior Software Engineer,https://www.myjobmag.co.ke/job-descriptions/senior-software-engineer
Social Media Manager,https://www.myjobmag.co.ke/job-descriptions/social-media-manager
Software Developer,https://www.myjobmag.co.ke/job-descriptions/software-developer
Software Engineer,https://www.myjobmag.co.ke/job-descriptions/software-engineer
Store Keeper,https://www.myjobmag.co.ke/job-descriptions/store-keeper
Supply Chain Manager,https://www.myjobmag.co.ke/job-descriptions/supply-chain-manager
Supply Chain Officer,https://www.myjobmag.co.ke/job-descriptions/supply-chain-officer
T,
Teacher,https://www.myjobmag.co.ke/job-descriptions/teacher
Truck Driver,https://www.myjobmag.co.ke/job-descriptions/truck-driver
V,
Van Sales Representative,https://www.myjobmag.co.ke/job-descriptions/van-sales-representative
Video Editor,https://www.myjobmag.co.ke/job-descriptions/video-editor
W,
Warehouse Manager,https://www.myjobmag.co.ke/job-descriptions/warehouse-manager
Warehouse Officer,https://www.myjobmag.co.ke/job-descriptions/warehouse-officer
Web Developer,https://www.myjobmag.co.ke/job-descriptions/web-developer
