job_id,source,source_job_id,job_title,company,job_description,location,country,work_mode,remote_eligible,remote_scope,job_field,industry,employment_type,experience_required,education_required,salary,currency,date_posted,application_deadline,tech_category,vacancy_url,scraped_at,_is_tech_candidate
a742f3b485edcc80,MyJobMag,a742f3b485edcc80,AI Engineer at ALX,ALX,,Nairobi,Kenya,,0,,"Data, Business Analysis and AI , ICT / Computer",,"Full Time , Remote",,BA/BSc/HND,,,,,Data & AI,https://www.myjobmag.co.ke/job/ai-engineer-alx,2026-08-24T18:57:34.334317+00:00,1
3a5a73627543122b,MyJobMag,3a5a73627543122b,AI Engineer at FinSense Africa,FinSense Africa,,Nairobi,Kenya,,0,,"Data, Business Analysis and AI , ICT / Computer",,Full Time,4 years,"BA/BSc/HND , MBA/MSc/MA",,,,,Data & AI,https://www.myjobmag.co.ke/job/ai-engineer-finsense-africa,2026-08-24T18:57:37.130689+00:00,1
18b0c85e6875e09f,MyJobMag,18b0c85e6875e09f,AI & Machine Learning Intern - 1 Post at Agile Business Solutions Limited,Agile Business Solutions Limited,,Nairobi,Kenya,,0,,"Data, Business Analysis and AI , ICT / Computer , Internships",,Full Time,,BA/BSc/HND,,,,,Data & AI,https://www.myjobmag.co.ke/job/ai-machine-learning-intern-1-post-agile-business-solutions-limited,2026-08-24T18:57:49.280841+00:00,1
f83082829ce44b6f,MyJobMag,f83082829ce44b6f,AI & Machine Learning Lecturer at Africa Digital Media Institute (ADMI),Africa Digital Media Institute (ADMI),,Nairobi,Kenya,,0,,"Data, Business Analysis and AI , Education / Teaching / Training , ICT / Computer",,Full Time,,BA/BSc/HND,,,,,Data & AI,https://www.myjobmag.co.ke/job/ai-machine-learning-lecturer-africa-digital-media-institute-admi,2026-08-24T18:57:52.485521+00:00,1
c76eb13a621e9c27,MyJobMag,c76eb13a621e9c27,AI Solutions Architect at Code for Africa (CfA),Code for Africa (CfA),,Nairobi,Kenya,,0,,"Data, Business Analysis and AI , ICT / Computer",,Full Time,3 years,BA/BSc/HND,,,,,Software & IT,https://www.myjobmag.co.ke/job/ai-solutions-architect-code-for-africa-cfa,2026-08-24T18:58:11.948402+00:00,1
d043b475f70f49d4,MyJobMag,d043b475f70f49d4,Android Engineer at Co-operative Bank of Kenya,Co-operative Bank of Kenya,,Nairobi,Kenya,,0,,ICT / Computer,,Full Time,3 years,BA/BSc/HND,,,,,Software & IT,https://www.myjobmag.co.ke/job/android-engineer-co-operative-bank-of-kenya,2026-08-24T18:58:29.468824+00:00,1
fda9ac49e9ede97d,MyJobMag,fda9ac49e9ede97d,Android Engineer Intern at Branch,Branch,,Nairobi,Kenya,,0,,"ICT / Computer , Internships",,"Full Time , Remote",,BA/BSc/HND,,,,,Software & IT,https://www.myjobmag.co.ke/job/android-engineer-intern-branch,2026-08-24T18:58:32.500338+00:00,1
8d360bea9db102ca,MyJobMag,8d360bea9db102ca,Applied AI Engineer at International Rescue Committee,International Rescue Committee,,Nairobi,Kenya,,0,,"Data, Business Analysis and AI , ICT / Computer",,"Full Time , Remote",5 years,BA/BSc/HND,,,,,Data & AI,https://www.myjobmag.co.ke/job/applied-ai-enginner-international-rescue-committee,2026-08-24T18:58:53.280665+00:00,1
11587388983b410b,MyJobMag,11587388983b410b,Artificial Intelligence Trainer at St Francis Research and Training College,St Francis Research and Training College,,Nairobi,Kenya,,0,,"Data, Business Analysis and AI , Education / Teaching / Training , ICT / Computer",,Full Time,,BA/BSc/HND,,,,,Data & AI,https://www.myjobmag.co.ke/job/artificial-intelligence-trainer-st-francis-research-and-training-college,2026-08-24T18:58:56.142245+00:00,1
d4f5188213789bb9,MyJobMag,d4f5188213789bb9,Assistant Data Analyst at African Guarantee Fund (AGF),African Guarantee Fund (AGF),,Nairobi,Kenya,,0,,"Data, Business Analysis and AI , ICT / Computer",,Full Time,5 years,"BA/BSc/HND , MBA/MSc/MA , Professional Certificate",,,,,Data & AI,https://www.myjobmag.co.ke/job/assistant-data-analyst-african-guarantee-fund-agf,2026-08-24T18:59:01.883652+00:00,1
60bf47b56f947165,MyJobMag,60bf47b56f947165,Assistant Software Development Lead at Demulla,Demulla,,Kakamega,Kenya,,0,,ICT / Computer,,Full Time,,"BA/BSc/HND , Diploma",,,,,Software & IT,https://www.myjobmag.co.ke/job/assistant-software-development-lead-demulla,2026-08-24T18:59:30.664456+00:00,1
35a3eef4607c44db,MyJobMag,35a3eef4607c44db,Associate Scientist – Data Analyst- ICRISAT at World Agroforestry Centre (ICRAF),World Agroforestry Centre (ICRAF),,Nairobi,Kenya,,0,,"Data, Business Analysis and AI , ICT / Computer",,Contract,3 years,PhD/Fellowship,,,27 Jul 2026,,Data & AI,https://www.myjobmag.co.ke/job/associate-scientist-data-analyst-icrisat-world-agroforestry-centre-icraf,2026-08-24T18:59:41.635038+00:00,1
6f9ec272d3102d78,MyJobMag,6f9ec272d3102d78,Backend Developer at Clovers Management & Training Consultants Ltd,Clovers Management & Training Consultants Ltd,,Nairobi,Kenya,,0,,ICT / Computer,,Full Time,4 years,BA/BSc/HND,,,,,Software & IT,https://www.myjobmag.co.ke/job/backend-developer-clovers-management-amp-training-consultants-ltd,2026-08-24T18:59:50.751849+00:00,1
38f29eac85417c14,MyJobMag,38f29eac85417c14,"Backend Developer - Go & PostgreSQL (Remote, Kenya) at Two Max Group",Two Max Group,,Nairobi,Kenya,,0,,ICT / Computer,,"Full Time , Remote",5 years,"BA/BSc/HND , Diploma , MBA/MSc/MA , Postgraduate Diploma , Professional Certificate , Vocational","Range KSh 150,000 - KSh 200,000/month",KES,,,Software & IT,https://www.myjobmag.co.ke/job/backend-developer-go-postgresql-remote-kenya-two-max-group,2026-08-24T18:59:54.018762+00:00,1
7a376e2a36f855fd,MyJobMag,7a376e2a36f855fd,Cloud Engineer at CIC Insurance,CIC Insurance,,Nairobi,Kenya,,0,,"Engineering / Technical , ICT / Computer",,Full Time,4 years,"BA/BSc/HND , Professional Certificate",,,,,Cloud & DevOps,https://www.myjobmag.co.ke/job/cloud-engineer-cic-insurance-2,2026-08-24T19:01:36.547321+00:00,1
e91722c33090ddb3,MyJobMag,e91722c33090ddb3,Commercial Data Analyst at M-Gas,M-Gas,,Nairobi,Kenya,,0,,"Data, Business Analysis and AI , ICT / Computer",,Full Time,5 years,"BA/BSc/HND , Professional Certificate",,,,,Data & AI,https://www.myjobmag.co.ke/job/commercial-data-analyst-m-gas,2026-08-24T19:01:42.095605+00:00,1
c97e0edf651a1041,MyJobMag,c97e0edf651a1041,CRRD Data Analyst at International Rescue Committee,International Rescue Committee,,Nairobi,Kenya,,0,,"Data, Business Analysis and AI , ICT / Computer",,"Full Time , Remote",3 years,BA/BSc/HND,,,,,Data & AI,https://www.myjobmag.co.ke/job/crrd-data-analyst-international-rescue-committee,2026-08-24T19:02:29.930967+00:00,1
cf93974166f680c5,MyJobMag,cf93974166f680c5,CRRD Data Analyst at International Rescue Committee,International Rescue Committee,,Nairobi,Kenya,,0,,"Data, Business Analysis and AI , ICT / Computer",,"Full Time , Hybrid",3 years,BA/BSc/HND,,,,,Data & AI,https://www.myjobmag.co.ke/job/crrd-data-analyst-international-rescue-committee-1,2026-08-24T19:02:32.854117+00:00,1
62f31da6a52386f1,MyJobMag,62f31da6a52386f1,Cyber Security Officer at Chuka University,Chuka University,,Chuka,Kenya,,0,,ICT / Computer,,Contract,2 years,"BA/BSc/HND , Professional Certificate",,,,,Cybersecurity,https://www.myjobmag.co.ke/job/cyber-security-officer-chuka-university,2026-08-24T19:02:39.279753+00:00,1
ab496ff5a5b6fef8,MyJobMag,ab496ff5a5b6fef8,Cybersecurity Consultant at BQI Tech,BQI Tech,,Nairobi,Kenya,,0,,"Consultancy , ICT / Computer",,"Contract , Full Time",,BA/BSc/HND,,,,,Cybersecurity,https://www.myjobmag.co.ke/job/cybersecurity-consultant-bqi-tech,2026-08-24T19:02:41.867919+00:00,1
73ed35aeb2bce22d,MyJobMag,73ed35aeb2bce22d,"Cybersecurity, Governance and Assurance Officer at International Livestock Research Institute (ILRI)",International Livestock Research Institute (ILRI),,Nairobi,Kenya,,0,,ICT / Computer,,Full Time,7 years,"BA/BSc/HND , Professional Certificate",,,,,Cybersecurity,https://www.myjobmag.co.ke/job/cybersecurity-governance-and-assurance-officer-international-livestock-research-institute-ilri,2026-08-24T19:02:44.641628+00:00,1
1a4f52437c51aff8,MyJobMag,1a4f52437c51aff8,Cybersecurity Trainer at Mediacrest Training College,Mediacrest Training College,,Nairobi,Kenya,,0,,"Education / Teaching / Training , ICT / Computer",,Full Time,,"BA/BSc/HND , Diploma , Professional Certificate",,,,,Cybersecurity,https://www.myjobmag.co.ke/job/cybersecurity-trainer-mediacrest-training-college-3,2026-08-24T19:02:47.394678+00:00,1
f6bf71d45b33bf0e,MyJobMag,f6bf71d45b33bf0e,Data Analyst and Coordinator Intern at Harleys Limited,Harleys Limited,,Nairobi,Kenya,,0,,"Data, Business Analysis and AI , ICT / Computer , Internships",,Full Time,1 year,BA/BSc/HND,,,,,Data & AI,https://www.myjobmag.co.ke/job/data-analyst-and-coordinator-intern-harleys-limited,2026-08-24T19:02:50.161718+00:00,1
11b4393347823456,MyJobMag,11b4393347823456,Data Analyst at CloudFactory,CloudFactory,,Nairobi,Kenya,,0,,"Data, Business Analysis and AI , ICT / Computer",,"Contract , Full Time , Hybrid",4 years,BA/BSc/HND,,,,,Data & AI,https://www.myjobmag.co.ke/job/data-analyst-cloudfactory-2,2026-08-24T19:02:53.442331+00:00,1
ee931db716157ab9,MyJobMag,ee931db716157ab9,Data Analyst at HFCB Kenya,HFCB Kenya,,Nairobi,Kenya,,0,,"Data, Business Analysis and AI , ICT / Computer",,Full Time,6 years,BA/BSc/HND,,,,,Data & AI,https://www.myjobmag.co.ke/job/data-analyst-hf-group,2026-08-24T19:02:56.109403+00:00,1
f534f17788e60b35,MyJobMag,f534f17788e60b35,Data Analyst-In-House And Contract Broiler Operations at Kenchic Limited,Kenchic Limited,,Nairobi,Kenya,,0,,"Data, Business Analysis and AI , ICT / Computer",,Full Time,2 years,Diploma,,,,,Data & AI,https://www.myjobmag.co.ke/job/data-analyst-in-house-and-contract-broiler-operations-kenchic-limited,2026-08-24T19:02:58.766792+00:00,1
819a63360be64d83,MyJobMag,819a63360be64d83,Data Analyst at Infotrak Research and Consulting,Infotrak Research and Consulting,,Nairobi,Kenya,,0,,"Data, Business Analysis and AI , ICT / Computer",,Full Time,5 years,"BA/BSc/HND , MBA/MSc/MA",,,,,Data & AI,https://www.myjobmag.co.ke/job/data-analyst-infotrak-research-and-consulting-1,2026-08-24T19:03:01.565768+00:00,1
ae23996c6cf48f1e,MyJobMag,ae23996c6cf48f1e,Data Analyst Intern - 1 Post at Agile Business Solutions Limited,Agile Business Solutions Limited,,Nairobi,Kenya,,0,,"Data, Business Analysis and AI , ICT / Computer , Internships",,Full Time,,BA/BSc/HND,,,,,Data & AI,https://www.myjobmag.co.ke/job/data-analyst-intern-1-post-agile-business-solutions-limited,2026-08-24T19:03:04.909882+00:00,1
bb9589cd66fbeac6,MyJobMag,bb9589cd66fbeac6,Data Analyst Intern at Makueni County Public Service Board,Makueni County Public Service Board,,Makueni,Kenya,,0,,"Data, Business Analysis and AI , ICT / Computer , Internships",,Contract,,BA/BSc/HND,,,,,Data & AI,https://www.myjobmag.co.ke/job/data-analyst-makueni-county-public-service-board,2026-08-24T19:03:07.982490+00:00,1
769b07deb7d89ce6,MyJobMag,769b07deb7d89ce6,Data Analyst - Sales at Royal Mabati Factory,Royal Mabati Factory,,Nairobi,Kenya,,0,,"Data, Business Analysis and AI",,Full Time,5 years,BA/BSc/HND,,,,,Data & AI,https://www.myjobmag.co.ke/job/data-analyst-sales-royal-mabati-factory,2026-08-24T19:03:10.854782+00:00,1
57117a862316d39b,MyJobMag,57117a862316d39b,Data Analyst - Sales at Tropical Heat,Tropical Heat,,Kiambu,Kenya,,0,,"Data, Business Analysis and AI , ICT / Computer",,"Full Time , Onsite",3 years,BA/BSc/HND,"Range KSh 50,000 - KSh 100,000/month",KES,,,Data & AI,https://www.myjobmag.co.ke/job/data-analyst-sales-tropical-heat,2026-08-24T19:03:14.112141+00:00,1
d74d2a72694e5899,MyJobMag,d74d2a72694e5899,Data Analyst at Syngenta,Syngenta,,Kiambu,Kenya,,0,,"Data, Business Analysis and AI , ICT / Computer",,"Contract , Full Time",,"BA/BSc/HND , Diploma",,,,,Data & AI,https://www.myjobmag.co.ke/job/data-analyst-syngenta-1,2026-08-24T19:03:17.437290+00:00,1
c1a6faeffaa35184,MyJobMag,c1a6faeffaa35184,Data Analyst at TakaTaka Solutions,TakaTaka Solutions,,Kiambu,Kenya,,0,,"Data, Business Analysis and AI , ICT / Computer",,Full Time,2 years,BA/BSc/HND,,,,,Data & AI,https://www.myjobmag.co.ke/job/data-analyst-takataka-solutions,2026-08-24T19:03:20.279836+00:00,1
39e825beda78db31,MyJobMag,39e825beda78db31,Data Analyst Team Lead at Rainforest Alliance,Rainforest Alliance,,Nairobi,Kenya,,0,,"Data, Business Analysis and AI , ICT / Computer",,Full Time,7 years,BA/BSc/HND,,,,,Data & AI,https://www.myjobmag.co.ke/job/data-analyst-team-lead-rainforest-alliance-3,2026-08-24T19:03:23.149814+00:00,1
850d739539cc3708,MyJobMag,850d739539cc3708,Data Analyst at Tenwek Hospital,Tenwek Hospital,,Nairobi,Kenya,,0,,"Data, Business Analysis and AI , ICT / Computer",,Full Time,3 years,BA/BSc/HND,,,,,Data & AI,https://www.myjobmag.co.ke/job/data-analyst-tenwek-hospital-1,2026-08-24T19:03:25.899699+00:00,1
f060f88949c02fe8,MyJobMag,f060f88949c02fe8,Data Analyst at The Digital Monkeys,The Digital Monkeys,,Nairobi,Kenya,,0,,"Data, Business Analysis and AI , ICT / Computer",,Full Time,3 years,"BA/BSc/HND , Diploma",,,,,Data & AI,https://www.myjobmag.co.ke/job/data-analyst-the-digital-monkeys,2026-08-24T19:03:29.396988+00:00,1
f610b637ab924420,MyJobMag,f610b637ab924420,Data Engineer at Abacus,Abacus,,Nairobi,Kenya,,0,,"Data, Business Analysis and AI , ICT / Computer",,Full Time,40 years,BA/BSc/HND,,,,,Data & AI,https://www.myjobmag.co.ke/job/data-engineer-abacus,2026-08-24T19:04:15.979321+00:00,1
fd2e06c3f6306676,MyJobMag,fd2e06c3f6306676,Data Engineer (Azure Databricks) at Execafrica Recruitment Limited,Execafrica Recruitment Limited,,Nairobi,Kenya,,0,,"Data, Business Analysis and AI , ICT / Computer",,Full Time,15 years,BA/BSc/HND,"150,000 Negotiable Role Summary Are you passionate about data and eager to be part of a rapidly growing company at the forefront of technology? If so, we have an exciting opportunity for you. Our client is a dynamic and diversified group of companies specialising in distribution,ship supply, retail, and wholesale operations. We are seeking a talented Data Engineer (Azure Databricks) to join our expanding Technology Team. The successful candidate will be based in either Kigali, Rwanda or Nairobi, Kenya, supporting our African operations and Group-wide data initiatives. As part of our digital transformation journey, we are building a modern enterprise data platform. Our current landscape includes Microsoft Dynamics 365 Business Central, Microsoft Dynamics NAV, MuleSoft integration services, Azure technologies, and Power BI analytics solutions. We are currently implementing an Azure Databricks Lakehouse platform to create a scalable, governed, and future-ready data ecosystem. This role presents an exciting opportunity to help shape and develop the next generation of our enterprise data platform. Duties and Responsibilities Design, develop, and maintain scalable data pipelines using Azure Databricks. Build and manage data ingestion processes from ERP, sales, logistics, finance, warehouse, and external systems Develop and maintain Lakehouse data architectures following Medallion principles (Bronze, Silver, Gold). Create robust ETL/ELT processes using Databricks, PySpark, SQL, and Azure services. Implement data quality, validation, monitoring, and governance processes. Develop and maintain dimensional data models to support business intelligence and reporting requirements. Work closely with Business Analysts, BI Developers, and Business Stakeholders to translate business requirements into scalable data solutions. Optimise data processing workloads for performance, reliability, and cost efficiency. Support real-time and batch data processing initiatives. Contribute to continuous improvement initiatives and adoption of modern data engineering best practices. Essential Skills and Experience Experience working in a Data Engineering role. Strong knowledge of SQL and relational databases. Experience developing ETL/ELT pipelines. Experience with Azure Databricks, Spark, or similar cloud-based data platforms. Strong programming skills using Python and/or PySpark. Experience designing and implementing data models and data warehouse solutions. Knowledge of data governance, data quality, and master data management principles. Experience integrating data from multiple systems and APIs. Strong analytical and problem-solving abilities. Excellent communication and stakeholder management skills. Ability to work independently while remaining a collaborative team player. Desirable Skills Microsoft Azure Data Services. Delta Lake and Unity Catalog. Azure Data Factory. Power BI and analytics platforms. MuleSoft integrations. Experience with Microsoft Dynamics Business Central or NAV. Databricks Certifications. Azure Data Engineer Associate Certification (DP-203). What We Offer Opportunity to work on a modern Azure Databricks Lakehouse implementation. Exposure to large-scale distribution, retail, logistics, and supply chain datasets. International project exposure across multiple African and European markets. Professional growth within a well-established and rapidly evolving organisation. Collaborative and innovative work environment. Competitive remuneration package and benefits.",,,,Data & AI,https://www.myjobmag.co.ke/job/data-engineer-azure-databricks-execafrica-recruitment-limited,2026-08-24T19:04:18.738270+00:00,1
7a506580a0f19a6a,MyJobMag,7a506580a0f19a6a,Data Engineer at CloudFactory,CloudFactory,,Nairobi,Kenya,,0,,"Data, Business Analysis and AI , ICT / Computer",,"Contract , Full Time , Hybrid",4 years,BA/BSc/HND,,,,,Data & AI,https://www.myjobmag.co.ke/job/data-engineer-cloudfactory-1,2026-08-24T19:04:22.142861+00:00,1
1b553cff25f0a244,MyJobMag,1b553cff25f0a244,Data Engineer at CrossBoundary,CrossBoundary,,Nairobi,Kenya,,0,,"Data, Business Analysis and AI , ICT / Computer",,Full Time,4 years,BA/BSc/HND,,,,,Data & AI,https://www.myjobmag.co.ke/job/data-engineer-crossboundary-1,2026-08-24T19:04:25.089765+00:00,1
ee36071b7d2e57ac,MyJobMag,ee36071b7d2e57ac,Data Engineer at Moniepoint,Moniepoint,,Nairobi,Kenya,,0,,"Data, Business Analysis and AI , ICT / Computer",,Full Time,5 years,BA/BSc/HND,,,,,Data & AI,https://www.myjobmag.co.ke/job/data-engineer-moniepoint-10,2026-08-24T19:04:27.685396+00:00,1
fd3725c684dd9cb3,MyJobMag,fd3725c684dd9cb3,Data Science Trainer at Mediacrest Training College,Mediacrest Training College,,Nairobi,Kenya,,0,,"Data, Business Analysis and AI , Education / Teaching / Training , ICT / Computer",,Full Time,,BA/BSc/HND,,,,,Data & AI,https://www.myjobmag.co.ke/job/data-science-trainer-mediacrest-training-college-3,2026-08-24T19:05:09.555421+00:00,1
6b37c9348f7fb678,MyJobMag,6b37c9348f7fb678,Data Scientist (1 Year Fixed-Term Contract) at Britam,Britam,,Nairobi,Kenya,,0,,"Data, Business Analysis and AI , ICT / Computer",,"Contract , Full Time",1 Year,"BA/BSc/HND , MBA/MSc/MA",,,,,Data & AI,https://www.myjobmag.co.ke/job/data-scientist-1-year-fixed-term-contract-britam,2026-08-24T19:05:12.429740+00:00,1
2c5caf7bbecfc784,MyJobMag,2c5caf7bbecfc784,Data Scientist at Britam,Britam,,Nairobi,Kenya,,0,,"Data, Business Analysis and AI , ICT / Computer",,Contract,2 years,"BA/BSc/HND , MBA/MSc/MA",,,,,Data & AI,https://www.myjobmag.co.ke/job/data-scientist-britam,2026-08-24T19:05:15.047555+00:00,1
05d845aa1d4896bc,MyJobMag,05d845aa1d4896bc,Data Scientist at Educate!,Educate!,,Nairobi,Kenya,,0,,"Data, Business Analysis and AI , ICT / Computer",,Full Time,,"BA/BSc/HND , MBA/MSc/MA",,,,,Data & AI,https://www.myjobmag.co.ke/job/data-scientist-educate-1,2026-08-24T19:05:17.753825+00:00,1
54125220c30840f1,MyJobMag,54125220c30840f1,Data Scientist (Fraud) at Moniepoint,Moniepoint,,Nairobi,Kenya,,0,,"Data, Business Analysis and AI , ICT / Computer",,Remote,3 years,BA/BSc/HND,,,,,Data & AI,https://www.myjobmag.co.ke/job/data-scientist-fraud-moniepoint,2026-08-24T19:05:20.526357+00:00,1
791344f9d97083ab,MyJobMag,791344f9d97083ab,Data Scientist at Girl Effect,Girl Effect,,Nairobi,Kenya,,0,,"Data, Business Analysis and AI , ICT / Computer",,"Full Time , Remote",,"BA/BSc/HND , MBA/MSc/MA",,,,,Data & AI,https://www.myjobmag.co.ke/job/data-scientist-girl-effect-1,2026-08-24T19:05:23.252692+00:00,1
7ed797d4e5671a92,MyJobMag,7ed797d4e5671a92,Data Scientist II at Innovations for Poverty Action (IPA),Innovations for Poverty Action (IPA),,Nairobi,Kenya,,0,,"Data, Business Analysis and AI , ICT / Computer",,Full Time,3 years,BA/BSc/HND,,,,,Data & AI,https://www.myjobmag.co.ke/job/data-scientist-ii-innovations-for-poverty-action-ipa,2026-08-24T19:05:25.920250+00:00,1
a18501b0b4bd37b5,MyJobMag,a18501b0b4bd37b5,Employee Engagement Data Analyst at World Vision Kenya,World Vision Kenya,,Nairobi,Kenya,,0,,"Data, Business Analysis and AI , Human Resources / HR , ICT / Computer",,Full Time,,BA/BSc/HND,,,,,Data & AI,https://www.myjobmag.co.ke/job/employee-engagement-data-analyst-world-vision-kenya,2026-08-24T19:06:57.425885+00:00,1
da1c7ebf6de0c0e5,MyJobMag,da1c7ebf6de0c0e5,Fraud Data Analyst at NALA,NALA,,Nairobi,Kenya,,0,,"Data, Business Analysis and AI , ICT / Computer",,Full Time,5 years,BA/BSc/HND,,,,,Data & AI,https://www.myjobmag.co.ke/job/fraud-data-analyst-nala,2026-08-24T19:08:11.129689+00:00,1
8a97ac628780837c,MyJobMag,8a97ac628780837c,Full-Stack AI Engineer at Pavago,Pavago,,Nairobi,Kenya,,0,,"Data, Business Analysis and AI , ICT / Computer",,"Full Time , Remote",3 years,BA/BSc/HND,,,,,Data & AI,https://www.myjobmag.co.ke/job/full-stack-ai-engineer-pavago,2026-08-24T19:08:18.402467+00:00,1
96b213fc5ebb2d8c,MyJobMag,96b213fc5ebb2d8c,Full Stack Developer at Sheer Logic,Sheer Logic,,Nairobi,Kenya,,0,,ICT / Computer,,Full Time,4 years,BA/BSc/HND,,,,,Software & IT,https://www.myjobmag.co.ke/job/full-stack-developer-sheer-logistics,2026-08-24T19:08:20.915232+00:00,1
6226a7900f21452a,MyJobMag,6226a7900f21452a,Full Stack Developer at Unga Holding,Unga Holding,,Nairobi,Kenya,,0,,ICT / Computer,,Full Time,5 years,BA/BSc/HND,,,,,Software & IT,https://www.myjobmag.co.ke/job/full-stack-developer-unga-holding-1,2026-08-24T19:08:23.396900+00:00,1
501cf70dea467991,MyJobMag,501cf70dea467991,Full Stack Engineer at Co-operative Bank of Kenya,Co-operative Bank of Kenya,,Nairobi,Kenya,,0,,ICT / Computer,,Full Time,3 years,BA/BSc/HND,,,,,Software & IT,https://www.myjobmag.co.ke/job/full-stack-engineer-co-operative-bank-of-kenya,2026-08-24T19:08:27.107058+00:00,1
735bcb93cc4b2c00,MyJobMag,735bcb93cc4b2c00,Funded-MSc ICT (must have evidence of Artificial Intelligence Application) at University of Embu,University of Embu,,Embu,Kenya,,0,,ICT / Computer,,Full Time,,"MBA/MSc/MA , PhD/Fellowship",,,,,Data & AI,https://www.myjobmag.co.ke/job/funded-msc-ict-must-have-evidence-of-artificial-intelligence-application-university-of-embu,2026-08-24T19:08:32.940723+00:00,1
2af8fcef0df3b049,MyJobMag,2af8fcef0df3b049,Generative AI Engineer at Solvo Global,Solvo Global,,Nairobi,Kenya,,0,,"Data, Business Analysis and AI , ICT / Computer",,"Full Time , Remote",3 years,BA/BSc/HND,,,,,Data & AI,https://www.myjobmag.co.ke/job/generative-ai-engineer-solvo-global,2026-08-24T19:08:38.176086+00:00,1
0e930b132e8a1350,MyJobMag,0e930b132e8a1350,Head of Cloud & Cyber Security at Liquid Intelligent Technologies,Liquid Intelligent Technologies,,Nairobi,Kenya,,0,,ICT / Computer,,Full Time,5 years,"BA/BSc/HND , Professional Certificate",,,,,Cybersecurity,https://www.myjobmag.co.ke/job/head-of-cloud-cyber-security-liquid-intelligent-technologies-1,2026-08-24T19:09:31.714945+00:00,1
10a7ff773d3d0f7e,MyJobMag,10a7ff773d3d0f7e,ICT Intern - Software Developer at Amref Kenya,Amref Kenya,,Nairobi,Kenya,,0,,"ICT / Computer , Internships",,Full Time,,"BA/BSc/HND , Diploma",,,,,Software & IT,https://www.myjobmag.co.ke/job/ict-intern-software-developer-amref-kenya-1,2026-08-24T19:10:37.534959+00:00,1
ec4bd4a2949298b2,MyJobMag,ec4bd4a2949298b2,ICT Officer – Physical Hardware Support at Frank Management Consult Ltd,Frank Management Consult Ltd,,Nairobi,Kenya,,0,,ICT / Computer,,Full Time,3 years,BA/BSc/HND,,,,,Software & IT,https://www.myjobmag.co.ke/job/ict-officer-physical-hardware-support-frank-management-consult-ltd,2026-08-24T19:10:43.948134+00:00,1
afd3af0beac7703e,MyJobMag,afd3af0beac7703e,ICT Support Officer at Username Properities,Username Properities,,Nairobi,Kenya,,0,,ICT / Computer,,Full Time,3 years,"BA/BSc/HND , Professional Certificate",Scale,,,,Software & IT,https://www.myjobmag.co.ke/job/ict-support-officer-username-trade,2026-08-24T19:11:02.013948+00:00,1
82f71c393843b5d8,MyJobMag,82f71c393843b5d8,"Intern Data Analyst, Data Insights at Save the Children",Save the Children,,Nairobi,Kenya,,0,,"Data, Business Analysis and AI , ICT / Computer , Internships",,"Remote , Hybrid",,BA/BSc/HND,,,,,Data & AI,https://www.myjobmag.co.ke/job/intern-data-analyst-data-insights-save-the-children,2026-08-24T19:12:06.376518+00:00,1
8f772190b35f6be2,MyJobMag,8f772190b35f6be2,IT Programmer & Web Developer Intern at Future Kenya Ltd,Future Kenya Ltd,,Nairobi,Kenya,,0,,"ICT / Computer , Internships",,"Contract , Full Time",5 years,BA/BSc/HND,,,,,Software & IT,https://www.myjobmag.co.ke/job/it-programmer-web-developer-intern-future-kenya-ltd,2026-08-24T19:12:54.926735+00:00,1
dbb3bfcbc5a5bbc8,MyJobMag,dbb3bfcbc5a5bbc8,IT Support Officer at Missions of Hope International (MOHI),Missions of Hope International (MOHI),,Nairobi,Kenya,,0,,ICT / Computer,,Full Time,3 years,BA/BSc/HND,,,,,Software & IT,https://www.myjobmag.co.ke/job/it-support-officer-missions-of-hope-international-mohi,2026-08-24T19:13:06.733139+00:00,1
5dee4180060afda5,MyJobMag,5dee4180060afda5,Junior Software Engineer at CIC Insurance,CIC Insurance,,Nairobi,Kenya,,0,,ICT / Computer,,Full Time,2 years,BA/BSc/HND,,,,,Software & IT,https://www.myjobmag.co.ke/job/junior-software-engineer-cic-insurance,2026-08-24T19:13:35.625880+00:00,1
94b96f659c786733,MyJobMag,94b96f659c786733,KE-Data Analyst (National) at Church World Service,Church World Service,,Nairobi,Kenya,,0,,"Data, Business Analysis and AI , ICT / Computer",,Full Time,5 years,BA/BSc/HND,,,,,Data & AI,https://www.myjobmag.co.ke/job/ke-data-analyst-national-church-world-service-1,2026-08-24T19:13:40.924715+00:00,1
5404818a9f7531e1,MyJobMag,5404818a9f7531e1,Key expert 2: Data Science And Software Engineering at Sustainet Group,Sustainet Group,,Nairobi,Kenya,,0,,"Data, Business Analysis and AI , ICT / Computer",,"Contract , Full Time",3 years,BA/BSc/HND,,,,,Data & AI,https://www.myjobmag.co.ke/job/key-expert-2-data-science-and-software-engineering-sustainet-group,2026-08-24T19:13:51.894912+00:00,1
ef0c1a3d286764fa,MyJobMag,ef0c1a3d286764fa,Lead Application Engineer at Nairobi Hospital,Nairobi Hospital,,Nairobi,Kenya,,0,,ICT / Computer,,Full Time,12 years,"BA/BSc/HND , MBA/MSc/MA , Professional Certificate",,,,,Software & IT,https://www.myjobmag.co.ke/job/lead-application-engineer-nairobi-hospital,2026-08-24T19:14:00.718235+00:00,1
bff644356155499f,MyJobMag,bff644356155499f,Lecturer Artificial Intelligence and Data Science at Rongo University,Rongo University,,Nairobi,Kenya,,0,,"Data, Business Analysis and AI , Education / Teaching / Training , ICT / Computer",,Full Time,6 years,"MBA/MSc/MA , PhD/Fellowship",,,,,Data & AI,https://www.myjobmag.co.ke/job/lecturer-artificial-intelligence-and-data-science-rongo-university,2026-08-24T19:14:27.868159+00:00,1
34cc17f33a12429d,MyJobMag,34cc17f33a12429d,Lecturer - Artificial Intelligence & Data Science at Jaramogi Oginga Odinga University of Science and Technology,Jaramogi Oginga Odinga University of Science and Technology,,Siaya,Kenya,,0,,"Data, Business Analysis and AI , Education / Teaching / Training , ICT / Computer",,"Full Time , Part Time",2 years,MBA/MSc/MA,,,,,Data & AI,https://www.myjobmag.co.ke/job/lecturer-artificial-intelligence-data-science-jaramogi-oginga-odinga-university-of-science-and-technology,2026-08-24T19:14:30.604865+00:00,1
3842fbe3072c7193,MyJobMag,3842fbe3072c7193,Lecturer - Cyber Security at Dedan Kimathi University,Dedan Kimathi University,,Nairobi,Kenya,,0,,"Education / Teaching / Training , ICT / Computer",,Full Time,,PhD/Fellowship,,,,,Cybersecurity,https://www.myjobmag.co.ke/job/lecturer-cyber-security-dedan-kimathi-university,2026-08-24T19:14:40.067001+00:00,1
c0b0b279c1011c41,MyJobMag,c0b0b279c1011c41,"Lecturer, Data Science and Analytics at Kirinyaga University",Kirinyaga University,,Kirinyaga,Kenya,,0,,"Data, Business Analysis and AI , Education / Teaching / Training , ICT / Computer",,Full Time,3 years,"MBA/MSc/MA , PhD/Fellowship",,,,,Data & AI,https://www.myjobmag.co.ke/job/lecturer-data-science-and-analytics-kirinyaga-university,2026-08-24T19:14:42.585741+00:00,1
27e0b23d32832600,MyJobMag,27e0b23d32832600,Lecturer - Data Science at Dedan Kimathi University,Dedan Kimathi University,,Nairobi,Kenya,,0,,"Data, Business Analysis and AI , Education / Teaching / Training , ICT / Computer",,Full Time,,PhD/Fellowship,,,,,Data & AI,https://www.myjobmag.co.ke/job/lecturer-data-science-dedan-kimathi-university,2026-08-24T19:14:45.044723+00:00,1
73c1f74c4172a514,MyJobMag,73c1f74c4172a514,Machine Learning Operations Specialist – CIMMYT at Center for International Forestry Research (CIFOR),Center for International Forestry Research (CIFOR),,Nairobi,Kenya,,0,,"Data, Business Analysis and AI , ICT / Computer",,"Contract , Full Time",3 years,BA/BSc/HND,,,,,Data & AI,https://www.myjobmag.co.ke/job/machine-learning-operations-specialist-cimmyt-center-for-international-forestry-research-cifor,2026-08-24T19:15:34.719327+00:00,1
9010192bf6fdb58f,MyJobMag,9010192bf6fdb58f,"Manager, Data Engineer, Data Innovation Office at Aga Khan University Hospital",Aga Khan University Hospital,,Nairobi,Kenya,,0,,"Data, Business Analysis and AI , ICT / Computer",,Full Time,5 years,"BA/BSc/HND , MBA/MSc/MA",,,,,Data & AI,https://www.myjobmag.co.ke/job/manager-data-engineer-data-innovation-office-aga-khan-university-hospital,2026-08-24T19:15:42.933774+00:00,1
3dbda87b984ddc4a,MyJobMag,3dbda87b984ddc4a,"Manager – Group Systems, IT & Cybersecurity at Victory Farms",Victory Farms,,Nairobi,Kenya,,0,,ICT / Computer,,Full Time,10 years,BA/BSc/HND,,,,,Cybersecurity,https://www.myjobmag.co.ke/job/manager-group-systems-it-cybersecurity-victory-farms,2026-08-24T19:15:49.000630+00:00,1
25a263976ee7dca2,MyJobMag,25a263976ee7dca2,Marine Spatial Data Analyst (Maternity Cover) at Blue Ventures,Blue Ventures,,Nairobi,Kenya,,0,,"Data, Business Analysis and AI , ICT / Computer",,Remote,,BA/BSc/HND,,,,,Data & AI,https://www.myjobmag.co.ke/job/marine-spatial-data-analyst-maternity-cover-blue-ventures,2026-08-24T19:16:08.200589+00:00,1
814120612498ba66,MyJobMag,814120612498ba66,Mid Level Data Scientist at Tezza Business Solutions Ltd,Tezza Business Solutions Ltd,,Nairobi,Kenya,,0,,"Data, Business Analysis and AI , ICT / Computer",,Full Time,5 years,BA/BSc/HND,,,,,Data & AI,https://www.myjobmag.co.ke/job/mid-level-data-scientist-tezza-business-solutions-ltd-2,2026-08-24T19:16:46.213897+00:00,1
03e34a07cd356e6e,MyJobMag,03e34a07cd356e6e,Mobile Application Developer at Sheer Logic,Sheer Logic,,Nairobi,Kenya,,0,,ICT / Computer,,Full Time,4 years,BA/BSc/HND,,,,,Software & IT,https://www.myjobmag.co.ke/job/mobile-application-developer-sheer-logistics,2026-08-24T19:16:55.197356+00:00,1
28cfca63565ec142,MyJobMag,28cfca63565ec142,Network Engineer- All Interested Applicants at U.S. Embassy to Kenya,U.S. Embassy to Kenya,,Nairobi,Kenya,,0,,ICT / Computer,,Full Time,5 years,"BA/BSc/HND , Professional Certificate",,,,,Networking,https://www.myjobmag.co.ke/job/network-engineer-all-interested-applicants-u-s-embassy-to-kenya,2026-08-24T19:17:38.718914+00:00,1
26f237a9ea31b42d,MyJobMag,26f237a9ea31b42d,Network Engineer at Zetech University,Zetech University,,Nairobi,Kenya,,0,,ICT / Computer,,Full Time,5 years,"Diploma , Professional Certificate",,,,,Networking,https://www.myjobmag.co.ke/job/network-engineer-zetech-university-1,2026-08-24T19:17:41.784352+00:00,1
a6db6715dfeec923,MyJobMag,a6db6715dfeec923,Network Security Engineer at CIC Insurance,CIC Insurance,,Nairobi,Kenya,,0,,ICT / Computer,,Full Time,5 years,"BA/BSc/HND , Professional Certificate",,,,,Cybersecurity,https://www.myjobmag.co.ke/job/network-security-engineer-cic-insurance-1,2026-08-24T19:17:44.351686+00:00,1
5dd814521dbe21f0,MyJobMag,5dd814521dbe21f0,Part Time Lecturer - Artificial Intelligence (AI) & Machine Learning - 2 Posts at Kaimosi Friends University College (KAFUCO),Kaimosi Friends University College (KAFUCO),,Nairobi,Kenya,,0,,"Data, Business Analysis and AI , Education / Teaching / Training , ICT / Computer",,Part Time,,"MBA/MSc/MA , PhD/Fellowship",,,,,Data & AI,https://www.myjobmag.co.ke/job/part-time-lecturer-artificial-intelligence-ai-machine-learning-2-posts-kaimosi-friends-university-college-kafuco,2026-08-24T19:18:26.462175+00:00,1
c85db4a61aaca1be,MyJobMag,c85db4a61aaca1be,Part Time Lecturer - Cybersecurity - 2 Posts at Kaimosi Friends University College (KAFUCO),Kaimosi Friends University College (KAFUCO),,Nairobi,Kenya,,0,,"Education / Teaching / Training , ICT / Computer",,Part Time,,"MBA/MSc/MA , PhD/Fellowship",,,,,Cybersecurity,https://www.myjobmag.co.ke/job/part-time-lecturer-cybersecurity-2-posts-kaimosi-friends-university-college-kafuco,2026-08-24T19:18:37.134762+00:00,1
8b38c997c7431fa4,MyJobMag,8b38c997c7431fa4,Part Time Lecturer - Data Science & Big Data - 2 Posts at Kaimosi Friends University College (KAFUCO),Kaimosi Friends University College (KAFUCO),,Nairobi,Kenya,,0,,"Data, Business Analysis and AI , Education / Teaching / Training , ICT / Computer",,Part Time,,"MBA/MSc/MA , PhD/Fellowship",,,,,Data & AI,https://www.myjobmag.co.ke/job/part-time-lecturer-data-science-big-data-2-posts-kaimosi-friends-university-college-kafuco,2026-08-24T19:18:41.495131+00:00,1
8ff83b46fcb0b1c0,MyJobMag,8ff83b46fcb0b1c0,"Part-time Lectures - Information Technology, Computing and Artificial Intelligence at The Open University of Kenya",The Open University of Kenya,,Nairobi,Kenya,,0,,"Data, Business Analysis and AI , Education / Teaching / Training , ICT / Computer",,Part Time,3 years,"MBA/MSc/MA , PhD/Fellowship",,,,,Data & AI,https://www.myjobmag.co.ke/job/part-time-lectures-information-technology-computing-and-artificial-intelligence-the-open-university-of-kenya,2026-08-24T19:19:27.053599+00:00,1
1db470e6bd783f4c,MyJobMag,1db470e6bd783f4c,Principal ICT Officer at Coast Water Works Development Agency (CWWDA),Coast Water Works Development Agency (CWWDA),,Mombasa,Kenya,,0,,ICT / Computer,,Full Time,9 years,"BA/BSc/HND , Professional Certificate",,,,,Software & IT,https://www.myjobmag.co.ke/job/principal-ict-officer-coast-water-works-development-agency-cwwda,2026-08-24T19:20:07.633473+00:00,1
8d0c0cfd1e6f6fca,MyJobMag,8d0c0cfd1e6f6fca,Product Owner at HFCB Kenya,HFCB Kenya,,Nairobi,Kenya,,0,,ICT / Computer,,Full Time,7 years,BA/BSc/HND,,,,,Product & UX,https://www.myjobmag.co.ke/job/product-owner-hf-group-1,2026-08-24T19:20:44.365632+00:00,1
efe031326e5e08e4,MyJobMag,efe031326e5e08e4,Project Data Analyst at University of Nairobi,University of Nairobi,,Nairobi,Kenya,,0,,"Data, Business Analysis and AI , ICT / Computer",,Full Time,3 years,MBA/MSc/MA,,,,,Data & AI,https://www.myjobmag.co.ke/job/project-data-analyst-university-of-nairobi,2026-08-24T19:20:59.649593+00:00,1
79a9dcad073cfef9,MyJobMag,79a9dcad073cfef9,QA Analyst at She Code Africa,She Code Africa,,Nairobi,Kenya,,0,,"Data, Business Analysis and AI , ICT / Computer , Volunteer",,"Part Time , Remote",,BA/BSc/HND,,,,,QA & Testing,https://www.myjobmag.co.ke/job/qa-analyst-she-code-africa-1,2026-08-24T19:21:08.630060+00:00,1
14af243b9bff8023,MyJobMag,14af243b9bff8023,QA Tester & Technical Documentation Specialist at Softclans Technologies Limited,Softclans Technologies Limited,,Nairobi,Kenya,,0,,ICT / Computer,,Full Time,,BA/BSc/HND,,,,,QA & Testing,https://www.myjobmag.co.ke/job/qa-tester-technical-documentation-specialist-softclans-technologies-limited,2026-08-24T19:21:16.702687+00:00,1
7a9e141666393f89,MyJobMag,7a9e141666393f89,QSSK-IT & Zoho Systems Administrator at Q-Sourcing Servtec Group,Q-Sourcing Servtec Group,,Nairobi,Kenya,,0,,ICT / Computer,,Full Time,2 years,"BA/BSc/HND , Diploma",,,,,Software & IT,https://www.myjobmag.co.ke/job/qssk-it-zoho-systems-administrator-q-sourcing-servtec-group,2026-08-24T19:21:22.196420+00:00,1
9e08ece80a253292,MyJobMag,9e08ece80a253292,SAP CI DevOps Engineer at Deloitte Consulting,Deloitte Consulting,,Nairobi,Kenya,,0,,ICT / Computer,,Full Time,4 years,BA/BSc/HND,,,,,Cloud & DevOps,https://www.myjobmag.co.ke/job/sap-ci-devops-engineer-deloitte-consulting,2026-08-24T19:23:30.783122+00:00,1
851235d3dc16b720,MyJobMag,851235d3dc16b720,Sectional IP Network Engineer- Field - Central at HCS Affiliates Group,HCS Affiliates Group,,Nairobi,Kenya,,0,,"Engineering / Technical , ICT / Computer",,"Full Time , Onsite",5 years,BA/BSc/HND,,,,,Networking,https://www.myjobmag.co.ke/job/sectional-ip-network-engineer-field-central-hcs-affiliates-group-2,2026-08-24T19:23:37.224703+00:00,1
beceeee42094b89e,MyJobMag,beceeee42094b89e,Sectional IP Network Engineer- Field - Central at HCS Affiliates Group,HCS Affiliates Group,,Nairobi,Kenya,,0,,"Engineering / Technical , ICT / Computer",,"Full Time , Onsite",5 years,BA/BSc/HND,,,,,Networking,https://www.myjobmag.co.ke/job/sectional-ip-network-engineer-field-central-hcs-affiliates-group-3,2026-08-24T19:23:40.532613+00:00,1
b5541af6148a46d4,MyJobMag,b5541af6148a46d4,Sectional IP Network Engineer- Field - Nairobi at HCS Affiliates Group,HCS Affiliates Group,,Nairobi,Kenya,,0,,"Engineering / Technical , ICT / Computer",,"Full Time , Onsite",5 years,BA/BSc/HND,,,,,Networking,https://www.myjobmag.co.ke/job/sectional-ip-network-engineer-field-nairobi-hcs-affiliates-group,2026-08-24T19:23:43.173891+00:00,1
404a4c25c6e648ff,MyJobMag,404a4c25c6e648ff,Sectional IP Network Engineer- Field - Nairobi at HCS Affiliates Group,HCS Affiliates Group,,Nairobi,Kenya,,0,,"Engineering / Technical , ICT / Computer",,"Full Time , Onsite",5 years,BA/BSc/HND,,,,,Networking,https://www.myjobmag.co.ke/job/sectional-ip-network-engineer-field-nairobi-hcs-affiliates-group-1,2026-08-24T19:23:46.668540+00:00,1
fbac5d2f8acf8921,MyJobMag,fbac5d2f8acf8921,Senior AI Engineer / AI Technical Lead at Green Com Enterprise Solutions Ltd,Green Com Enterprise Solutions Ltd,,Nairobi,Kenya,,0,,"Data, Business Analysis and AI , ICT / Computer",,"Full Time , Onsite",5 years,BA/BSc/HND,,,,,Data & AI,https://www.myjobmag.co.ke/job/senior-ai-engineer-ai-technical-lead-green-com-enterprise-solutions-ltd,2026-08-24T19:23:52.698037+00:00,1
9c046825f68e5861,MyJobMag,9c046825f68e5861,Senior Associate – IT Support & Admin at Peach Cars KE,Peach Cars KE,,Nairobi,Kenya,,0,,ICT / Computer,,Full Time,5 years,"BA/BSc/HND , Diploma",,,,,Software & IT,https://www.myjobmag.co.ke/job/senior-associate-it-support-admin-peach-cars-ke,2026-08-24T19:24:19.892490+00:00,1
cb629f41d9cb6aa5,MyJobMag,cb629f41d9cb6aa5,Senior Backend Engineer at HFCB Kenya,HFCB Kenya,,Nairobi,Kenya,,0,,ICT / Computer,,Full Time,10 years,"BA/BSc/HND , MBA/MSc/MA , Professional Certificate",,,,,Software & IT,https://www.myjobmag.co.ke/job/senior-backend-engineer-hf-group-1,2026-08-24T19:24:29.191320+00:00,1
7e8a339fb2713d0c,MyJobMag,7e8a339fb2713d0c,Senior Cybersecurity at Solvo Global,Solvo Global,,Nairobi,Kenya,,0,,ICT / Computer,,Full Time,5 years,BA/BSc/HND,,,,,Cybersecurity,https://www.myjobmag.co.ke/job/senior-cybersecurity-solvo-global,2026-08-24T19:24:40.605420+00:00,1
1c8fd7a40872aeef,MyJobMag,1c8fd7a40872aeef,Senior Data Engineer at CIC Insurance,CIC Insurance,,Nairobi,Kenya,,0,,"Data, Business Analysis and AI , ICT / Computer",,Full Time,4 years,BA/BSc/HND,,,,,Data & AI,https://www.myjobmag.co.ke/job/senior-data-engineer-cic-insurance,2026-08-24T19:24:43.610987+00:00,1
56ed870c67c72f1a,MyJobMag,56ed870c67c72f1a,Senior Data Engineer at CloudFactory,CloudFactory,,Nairobi,Kenya,,0,,"Data, Business Analysis and AI , ICT / Computer",,Full Time,5 years,BA/BSc/HND,,,,,Data & AI,https://www.myjobmag.co.ke/job/senior-data-engineer-cloudfactory,2026-08-24T19:24:46.544408+00:00,1
8a57805d86ef2a31,MyJobMag,8a57805d86ef2a31,Senior DevOps Engineer at Absa Bank Limited,Absa Bank Limited,,Nairobi,Kenya,,0,,ICT / Computer,,Full Time,8 years,"BA/BSc/HND , Professional Certificate",,,,,Cloud & DevOps,https://www.myjobmag.co.ke/job/senior-devops-engineer-absa-bank-limited,2026-08-24T19:24:51.750305+00:00,1
5ec0ea8ed97bab6c,MyJobMag,5ec0ea8ed97bab6c,Senior Full Stack Developer Technical Lead at East African Data Handlers,East African Data Handlers,,Nairobi,Kenya,,0,,ICT / Computer,,"Full Time , Remote , Hybrid",7 years,BA/BSc/HND,,,,,Software & IT,https://www.myjobmag.co.ke/job/senior-full-stack-developer-technical-lead-east-african-data-handlers,2026-08-24T19:25:04.725286+00:00,1
d59abca2aeb5e0aa,MyJobMag,d59abca2aeb5e0aa,Senior Lecturer - Cyber Security at Dedan Kimathi University,Dedan Kimathi University,,Nairobi,Kenya,,0,,"Education / Teaching / Training , ICT / Computer",,Full Time,3 years,PhD/Fellowship,,,,,Cybersecurity,https://www.myjobmag.co.ke/job/senior-lecturer-cyber-security-dedan-kimathi-university,2026-08-24T19:25:13.782339+00:00,1
b7e1c7ce4494ccb9,MyJobMag,b7e1c7ce4494ccb9,Senior Lecturer - Data Science at Dedan Kimathi University,Dedan Kimathi University,,Nairobi,Kenya,,0,,"Data, Business Analysis and AI , Education / Teaching / Training , ICT / Computer",,Full Time,3 years,PhD/Fellowship,,,,,Data & AI,https://www.myjobmag.co.ke/job/senior-lecturer-data-science-dedan-kimathi-university,2026-08-24T19:25:18.618701+00:00,1
bbc1f6c4a2cdbe7d,MyJobMag,bbc1f6c4a2cdbe7d,Senior Lecturer - Data Science/Statistics at Zetech University,Zetech University,,Nairobi,Kenya,,0,,"Data, Business Analysis and AI , Education / Teaching / Training , ICT / Computer",,Full Time,3 years,"BA/BSc/HND , MBA/MSc/MA , PhD/Fellowship",,,,,Data & AI,https://www.myjobmag.co.ke/job/senior-lecturer-data-science-statistics-zetech-university,2026-08-24T19:25:21.780890+00:00,1
a7a0cb618acebf50,MyJobMag,a7a0cb618acebf50,Senior Platform/Solution Architect at Tezza Business Solutions Ltd,Tezza Business Solutions Ltd,,Nairobi,Kenya,,0,,ICT / Computer,,"Contract , Full Time , Onsite",15 years,BA/BSc/HND,,,,,Software & IT,https://www.myjobmag.co.ke/job/senior-platform-solution-architect-tezza-business-solutions-ltd-1,2026-08-24T19:25:57.160261+00:00,1
a5de391af90e0ffc,MyJobMag,a5de391af90e0ffc,"Senior Software Engineer, Google Play at Google",Google,,Nairobi,Kenya,,0,,ICT / Computer,,Full Time,5 years,"BA/BSc/HND , MBA/MSc/MA , PhD/Fellowship",,,,,Software & IT,https://www.myjobmag.co.ke/job/senior-software-engineer-google-play-google-1,2026-08-24T19:26:11.840988+00:00,1
b2a73fbc77ab88b3,MyJobMag,b2a73fbc77ab88b3,Senior Software Engineer at Solvo Global,Solvo Global,,Nairobi,Kenya,,0,,ICT / Computer,,"Full Time , Onsite",12 years,,,,,,Software & IT,https://www.myjobmag.co.ke/job/senior-software-engineer-solvo-global,2026-08-24T19:26:14.313611+00:00,1
3f42f095798c7ae0,MyJobMag,3f42f095798c7ae0,Senior Software Engineer at Solvo Global,Solvo Global,,Nairobi,Kenya,,0,,ICT / Computer,,"Full Time , Onsite",8 years,BA/BSc/HND,,,,,Software & IT,https://www.myjobmag.co.ke/job/senior-software-engineer-solvo-global-1,2026-08-24T19:26:17.062973+00:00,1
86ef610b6e6d9bbb,MyJobMag,86ef610b6e6d9bbb,Senior Software QA Engineer at Solvo Global,Solvo Global,,Nairobi,Kenya,,0,,ICT / Computer,,"Full Time , Onsite",6 years,BA/BSc/HND,,,,,QA & Testing,https://www.myjobmag.co.ke/job/senior-software-qa-engineer-solvo-global,2026-08-24T19:26:20.051312+00:00,1
8792d79f2e738730,MyJobMag,8792d79f2e738730,Senior Specialist – Cyber Security Assurance at Safaricom Kenya,Safaricom Kenya,,Nairobi,Kenya,,0,,ICT / Computer,,"Full Time , Hybrid",4 years,"BA/BSc/HND , Professional Certificate",,,,,Cybersecurity,https://www.myjobmag.co.ke/job/senior-specialist-cyber-security-assurance-safaricom-kenya,2026-08-24T19:26:23.838948+00:00,1
f5b1c1cd257b0a8a,MyJobMag,f5b1c1cd257b0a8a,Senior Statistical Programmer at IQVIA,IQVIA,,Nairobi,Kenya,,0,,"Data, Business Analysis and AI , ICT / Computer",,Full Time,5 years,BA/BSc/HND,,,,,Software & IT,https://www.myjobmag.co.ke/job/senior-statistical-programmer-iqvia-15,2026-08-24T19:26:30.686767+00:00,1
ecc98b45edc9610b,MyJobMag,ecc98b45edc9610b,Software Developer/Analyst at International Rescue Committee,International Rescue Committee,,Nairobi,Kenya,,0,,"Data, Business Analysis and AI , ICT / Computer",,"Full Time , Hybrid",5 years,BA/BSc/HND,,,,,Software & IT,https://www.myjobmag.co.ke/job/software-developer-analyst-international-rescue-committee,2026-08-24T19:26:54.654429+00:00,1
53758661e8d85359,MyJobMag,53758661e8d85359,Software Development & AI (100) Posts at ICT Authority,ICT Authority,,Nairobi,Kenya,,0,,"Data, Business Analysis and AI , Graduate Jobs , ICT / Computer",,Full Time,29 yrs,BA/BSc/HND,,,,,Software & IT,https://www.myjobmag.co.ke/job/software-development-ai-100-posts-ict-authority,2026-08-24T19:26:57.214591+00:00,1
2024710ff707ea1f,MyJobMag,2024710ff707ea1f,Software Development And End User Support Intern at BIMAS Kenya Limited,BIMAS Kenya Limited,,Nairobi,Kenya,,0,,"ICT / Computer , Internships",,"Contract , Full Time",,BA/BSc/HND,,,,,Software & IT,https://www.myjobmag.co.ke/job/software-development-and-end-user-support-intern-bimas-kenya-limited-2,2026-08-24T19:26:59.875205+00:00,1
059e750524da9265,MyJobMag,059e750524da9265,Software Engineer - 2 Posts at Kenya Space Agency,Kenya Space Agency,,Nairobi,Kenya,,0,,ICT / Computer,,Full Time,,BA/BSc/HND,,,,,Software & IT,https://www.myjobmag.co.ke/job/software-engineer-2-posts-kenya-space-agency,2026-08-24T19:27:02.423989+00:00,1
a40c109a9f865e6a,MyJobMag,a40c109a9f865e6a,Software Engineer at IBM,IBM,,Nairobi,Kenya,,0,,ICT / Computer,,Full Time,,BA/BSc/HND,,,,,Software & IT,https://www.myjobmag.co.ke/job/software-engineer-ibm-9,2026-08-24T19:27:05.098474+00:00,1
63de909fee95f8e0,MyJobMag,63de909fee95f8e0,Solution Architect at Ericsson,Ericsson,,Nairobi,Kenya,,0,,"Engineering / Technical , ICT / Computer",,Full Time,7 years,"BA/BSc/HND , MBA/MSc/MA",,,,,Software & IT,https://www.myjobmag.co.ke/job/solution-architect-ericsson-49,2026-08-24T19:27:14.099274+00:00,1
71970b970dbb1970,MyJobMag,71970b970dbb1970,Solutions Architect & Presales Engineer at Jamii Telecommunications,Jamii Telecommunications,,Nairobi,Kenya,,0,,ICT / Computer,,Full Time,7 years,BA/BSc/HND,,,,,Software & IT,https://www.myjobmag.co.ke/job/solutions-architect-presales-engineer-jamii-telecommunications,2026-08-24T19:27:16.679101+00:00,1
868cb93a254e3269,MyJobMag,868cb93a254e3269,SR Software Engineer at Solvo Global,Solvo Global,,Nairobi,Kenya,,0,,ICT / Computer,,Full Time,10 years,BA/BSc/HND,,,,,Software & IT,https://www.myjobmag.co.ke/job/sr-software-engineer-solvo-global,2026-08-24T19:27:28.707285+00:00,1
7723342852dfb4ad,MyJobMag,7723342852dfb4ad,"Staff Software Engineer, Google Play at Google",Google,,Nairobi,Kenya,,0,,ICT / Computer,,Full Time,8 years,"BA/BSc/HND , MBA/MSc/MA , PhD/Fellowship",,,,,Software & IT,https://www.myjobmag.co.ke/job/staff-software-engineer-google-play-google-3,2026-08-24T19:27:33.768573+00:00,1
71ebf8a738d4daab,MyJobMag,71ebf8a738d4daab,Students Supervisor - Master of Data Science at The Open University of Kenya,The Open University of Kenya,,Nairobi,Kenya,,0,,"Data, Business Analysis and AI , Education / Teaching / Training , ICT / Computer",,Full Time,,"MBA/MSc/MA , PhD/Fellowship",,,,,Data & AI,https://www.myjobmag.co.ke/job/students-supervisor-master-of-data-science-the-open-university-of-kenya,2026-08-24T19:27:48.428432+00:00,1
5c1811db25637594,MyJobMag,5c1811db25637594,Students Supervisor - Master of Science in Artificial Intelligence at The Open University of Kenya,The Open University of Kenya,,Nairobi,Kenya,,0,,"Data, Business Analysis and AI , Education / Teaching / Training , ICT / Computer",,Full Time,,"MBA/MSc/MA , PhD/Fellowship",,,,,Data & AI,https://www.myjobmag.co.ke/job/students-supervisor-master-of-science-in-artificial-intelligence-the-open-university-of-kenya,2026-08-24T19:27:53.244742+00:00,1
7525c012b3ecc7ff,MyJobMag,7525c012b3ecc7ff,Systems Administrator - Associate_299 at I&M Bank,I&M Bank,,Nairobi,Kenya,,0,,ICT / Computer,,Full Time,2 years,"BA/BSc/HND , Professional Certificate",,,,,Software & IT,https://www.myjobmag.co.ke/job/systems-administrator-associate-299-i-m-bank,2026-08-24T19:28:05.588108+00:00,1
4c7f845fd07da099,MyJobMag,4c7f845fd07da099,Technology & Information Product Owner at International Committee of the Red Cross (ICRC),International Committee of the Red Cross (ICRC),,Nairobi,Kenya,,0,,ICT / Computer,,"Contract , Full Time",5 years,BA/BSc/HND,,,,,Product & UX,https://www.myjobmag.co.ke/job/technology-information-product-owner-international-committee-of-the-red-cross-icrc,2026-08-24T19:28:44.255130+00:00,1
4f0d7031ffbe868a,MyJobMag,4f0d7031ffbe868a,Tutorial Fellow - Data Science at Zetech University,Zetech University,,Kiambu,Kenya,,0,,"Data, Business Analysis and AI , Education / Teaching / Training , ICT / Computer",,Full Time,3 years,"BA/BSc/HND , MBA/MSc/MA , PhD/Fellowship , Professional Certificate",,,,,Data & AI,https://www.myjobmag.co.ke/job/tutorial-fellow-data-science-zetech-university,2026-08-24T19:29:19.776562+00:00,1
c0a6532db5d08e8c,MyJobMag,c0a6532db5d08e8c,UI / UX Designer at Co-operative Bank of Kenya,Co-operative Bank of Kenya,,Nairobi,Kenya,,0,,"ICT / Computer , UX, Design and Architecture",,Full Time,3 years,BA/BSc/HND,,,,,Product & UX,https://www.myjobmag.co.ke/job/ui-ux-designer-co-operative-bank-of-kenya,2026-08-24T19:29:24.988638+00:00,1
fab3b0fd48566ffd,MyJobMag,fab3b0fd48566ffd,Web Developer at Savannah Informatics,Savannah Informatics,,Nairobi,Kenya,,0,,ICT / Computer,,Full Time,,BA/BSc/HND,,,,,Software & IT,https://www.myjobmag.co.ke/job/web-developer-savannah-informatics-4,2026-08-24T19:29:32.040271+00:00,1
268d4dec8873a627,MyJobMag,268d4dec8873a627,WMS & IT Support Supervisor at Platinum Outsourcing and Logistics,Platinum Outsourcing and Logistics,,Nairobi,Kenya,,0,,ICT / Computer,,"Contract , Full Time",4 years,"BA/BSc/HND , Professional Certificate",,,,,Software & IT,https://www.myjobmag.co.ke/job/wms-it-support-supervisor-platinum-outsourcing-and-logistics,2026-08-24T19:29:36.347026+00:00,1
